0,-22909.5215694073,-75
0.000158150101763659,-22917.6383254357,-74.9825863386855
0.000316300203527318,-22931.9954996325,-74.9651216941572
0.000474450305290977,-22948.8972063759,-74.9475676570165
0.001171385601619,-23029.4362198896,-74.8683168229998
0.00186832089794703,-23112.0979989244,-74.7868854249486
0.00256525619427505,-23196.3936816271,-74.7031986562348
0.00580261470480754,-23614.4244546105,-74.284590109672
0.00903997321534002,-24086.8716462908,-73.8103136899099
0.0122773317258725,-24636.6909113338,-73.2691020024391
0.015514690236405,-25296.8876500569,-72.6437406931825
0.0207287196710398,-26747.630541024,-71.3816344471006
0.0259427491056745,-29118.6919801347,-69.5965422664232
0.0293764915330025,-31757.9469712596,-67.9164177484819
0.0320219803508623,-35079.0741113278,-66.1169179410201
0.034055760570415,-39213.6520114521,-64.2152670888514
0.0356581933517036,-44466.5521215749,-62.1756025557448
0.0369400605772951,-51178.3654688155,-59.9714885372745
0.0379580174815238,-59603.1646192661,-57.63001725517
0.0387840077818739,-70286.4791993305,-55.1119358537493
0.0394607749515948,-83820.4984460386,-52.3965656822302
0.0400205485635318,-100931.493879509,-49.4597797455982
0.0405803221754687,-128239.355715611,-45.5154031786048
0.0409746904962323,-158369.321575786,-41.8055703726055
0.041369058816996,-205811.000389337,-36.8421386397116
0.0416547076295926,-258668.571398979,-32.0617868762777
0.0419403564421893,-338856.95632565,-25.7179029348821
0.0422260052547859,-454993.530344128,-17.0679270513811
0.0424095352052474,-533741.485006061,-10.0084665407131
0.0425149176614383,-564050.570267887,-5.45817455568997
0.0425890927740406,-570292.961917307,-2.13641587397597
0.0426497371894414,-563524.04285107,0.577789214812771
0.0427103816048421,-546110.677770267,3.22996999942968
0.0427710260202429,-519584.240233431,5.76983230872995
0.0428316704356436,-486364.991298975,8.15715400457541
0.0428923148510444,-449179.7593435,10.3645397192902
0.0429795352615867,-393651.088401305,13.1962474066688
0.043066755672129,-340604.345348892,15.6250748578757
0.0431539760826713,-293050.64475006,17.6838857368076
0.0432411964932136,-251933.097587852,19.4194389643558
0.0433284169037558,-217053.823391979,20.8785232511722
0.0434156373142981,-187746.985613012,22.1041762656722
0.0435814816328124,-144583.989596102,23.9093264171677
0.0437473259513267,-113692.886031895,25.197592251066
0.043913170269841,-91160.1754598061,26.1179270811156
0.0440790145883553,-74326.1245777799,26.7780356560031
0.0442448589068696,-61456.4049792276,27.2423804841183
0.0445537443207314,-44464.8167627947,27.7307362484091
0.0448626297345931,-33325.1425395377,27.8495365291165
0.0451715151484549,-25785.8286279251,27.7050188591448
0.0454804005623166,-20503.045573353,27.3879953240882
0.0457892859761784,-16689.3975724527,26.964634841759
0.0460981713900401,-13903.3572940655,26.4691665016253
0.0464152016543726,-11831.8091384365,25.9011660163022
0.0467322319187051,-10357.7030909071,25.2850116784241
0.0470492621830376,-9329.26912548441,24.6367602077358
0.0473662924473701,-8636.52343108471,23.9712622082165
0.0476833227117026,-8201.87379187051,23.2967606207451
0.0480003529760351,-7968.49363822144,22.6167972014289
0.0483620812225275,-7891.02645666572,21.8393325060809
0.0487238094690199,-7967.75173600018,21.0656248498902
0.0490855377155123,-8161.68505530642,20.3004174836334
0.0494472659620047,-8444.97627810137,19.5464976417848
0.0498089942084971,-8796.48453895325,18.8056039864644
0.0501707224549895,-9200.33510223686,18.0793799636301
0.0507174702548836,-9883.79553341489,17.0123753021983
0.0512642180547777,-10631.5522778855,15.9850265369776
0.0518109658546719,-11424.0918309251,14.9990969972129
0.052357713654566,-12246.2065461849,14.0556297966538
0.0529044614544601,-13086.6926357387,13.155139919409
0.0534512092543543,-13937.4750192898,12.2975838007805
0.0545121859614378,-15589.7351326143,10.7555681734952
0.0555731626685213,-17213.1105914091,9.37142137653833
0.0566341393756048,-18776.1747622514,8.13920777347332
0.0576951160826883,-20252.8722906503,7.0496362082919
0.0587560927897718,-21624.1443325253,6.09103925033864
0.0598170694968553,-22877.1697677554,5.25244456322319
0.0617153311498584,-24819.5142140398,4.01816060959365
0.0636135928028614,-26391.7410484167,3.06889002167003
0.0655118544558645,-27632.2918006693,2.34383212816974
0.0674101161088675,-28597.5747586839,1.79152084694425
0.0693083777618706,-29345.0465918149,1.3704561863934
0.0718047998060559,-30076.9605225653,0.962238948537685
0.0743012218502413,-30602.1466653173,0.670318797470674
0.0763541826210065,-30925.0734945982,0.490737237289391
0.0784071433917717,-31178.3215846886,0.348997005319654
0.0804601041625368,-31381.7636288259,0.233575034246138
0.082513064933302,-31551.1673844322,0.136196277962741
0.0845660257040672,-31697.5657515249,0.0510955802354206
0.0860584200583526,-31793.5994441583,-0.00541677361878096
0.087550814412638,-31883.5012058101,-0.0589080699442284
0.0890432087669234,-31969.2981181845,-0.110391914036941
0.0905356031212088,-32052.4307746904,-0.160623692593406
0.0920279974754942,-32133.9364466973,-0.210184484086081
0.0935203918297796,-32214.6769551145,-0.259542392887457
0.0960845924282864,-32353.6370297039,-0.344937651475314
0.0986487930267932,-32495.0148024676,-0.432200187408139
0.1012129936253,-32640.4488978701,-0.522216095836847
0.103777194223807,-32791.0310676289,-0.615565785613902
0.106341394822314,-32947.4888683687,-0.71262517264524
0.10890559542082,-33110.2543189826,-0.813623904207581
0.114500559995919,-33488.3872528666,-1.04825941152921
0.120095524571018,-33898.1409673119,-1.30250853382262
0.125690489146117,-34338.47032556,-1.57585261550905
0.131285453721216,-34807.8930358687,-1.86757571264222
0.136880418296315,-35304.4799270512,-2.17675255701136
0.142475382871414,-35825.7254570906,-2.5022708331486
0.160997036643366,-37693.4052428874,-3.68268463577052
0.179518690415319,-39696.7368495214,-4.99048515361486
0.198040344187271,-41733.679329149,-6.39636259710628
0.216561997959223,-43715.3797894277,-7.88697248670363
0.235083651731176,-45562.472850228,-9.46241730841153
0.253605305503128,-47196.3016370621,-11.1335738582602
0.282501334438119,-49151.1837467275,-14.0345985639145
0.303744069016208,-49914.7291378147,-16.5778909024031
0.319624539434973,-49895.8845702394,-18.9378641347088
0.331844100193892,-49303.2887621231,-21.255716834411
0.341310840307148,-48269.1360290959,-23.5710371566072
0.348968062049278,-46865.0033536673,-25.9697437114781
0.355251545469858,-45227.5503057219,-28.4462661865857
0.361535028890438,-43112.8356673536,-31.514603709209
0.366623669948561,-41055.5304752342,-34.5031826849288
0.371712311006684,-38890.7617457656,-37.942906716109
0.376800952064806,-36740.0176114519,-41.7620674460071
0.381889593122929,-34746.5392567724,-45.8282240332403
0.386978234181052,-32915.6292671253,-49.985784252985
0.392066875239175,-31117.5089514399,-54.1162757983202
0.397270824102658,-29192.7273412965,-58.254194592717
0.40247477296614,-27158.1689824959,-62.2888785344115
0.407678721829623,-25119.0351484515,-66.1939243736722
0.412882670693105,-23266.8804890357,-69.8685860969059
0.418086619556588,-21809.1370260187,-73.163001808501
0.42329056842007,-20772.1981450673,-75.9438531111294
0.428494517283553,-20082.8718123893,-78.1517400078503
0.434319780834846,-19607.1763277521,-79.9844012437043
0.44014504438614,-19326.4519583153,-81.2448598714416
0.445970307937433,-19160.0484554124,-82.0686735314759
0.451795571488726,-19064.4727805075,-82.5815073676843
0.45762083504002,-19013.6126650125,-82.8806020473098
0.463968759385326,-18990.7551253797,-83.042054920254
0.470316683730631,-18989.9067913005,-83.0908619919753
0.476664608075937,-19003.5720225268,-83.0665602000761
0.483012532421243,-19027.0984639656,-82.9948131102639
0.489360456766548,-19057.5888656193,-82.892380491382
0.500469375615308,-19122.872255616,-82.6672951581088
0.511578294464067,-19197.6074149314,-82.4153276192987
0.522687213312826,-19278.4887017571,-82.1525458733189
0.533796132161585,-19364.2611527668,-81.88465909437
0.544905051010344,-19454.5477844518,-81.6143304534357
0.576285556235568,-19730.8835517129,-80.8493644213571
0.607666061460791,-20043.3084159564,-80.0776488920751
0.639046566686014,-20399.158995284,-79.2884020671566
0.670427071911237,-20818.9401692359,-78.4503393624436
0.700638378845654,-21333.6468918849,-77.5303470641199
0.723158588920893,-21842.9167137614,-76.7080778604792
0.740212554378268,-22364.3529282913,-75.9393668593138
0.753421000279825,-22918.0270389965,-75.1898874924935
0.763792596907435,-23519.544610406,-74.4404558807415
0.772033779158915,-24190.3182318854,-73.6744660659522
0.778801203038057,-24961.7019248918,-72.8627388803339
0.784203061989588,-25825.5943306547,-72.0289586753727
0.788610766360375,-26810.6159728907,-71.1583954422337
0.792233068519467,-27937.6251027041,-70.2480135089914
0.795231857971049,-29230.892950749,-69.2950550192836
0.797699385941668,-30695.1773783999,-68.3120327691881
0.800166913912288,-32770.6065944232,-67.0554526536204
0.801856101439416,-34769.3493318626,-65.9727334510075
0.803545288966545,-37558.1624141874,-64.6117591206362
0.80476406967692,-40334.1051114728,-63.3933550422649
0.805982850387296,-44185.8873165384,-61.8796497088356
0.80685527370998,-47949.3318014601,-60.5518734723784
0.807727697032664,-53076.4455547195,-58.9280729803229
0.808373386737477,-58176.9400400019,-57.47370350251
0.809019076442289,-65055.5693488534,-55.7132950782037
0.809517047415129,-72071.1880207384,-54.084322435535
0.810015018387969,-81445.6528562913,-52.1258824719004
0.810400167451238,-90919.9355921263,-50.3215773327946
0.810785316514506,-103395.052164192,-48.1711403758997
0.811090158442385,-116111.797684198,-46.1587607372933
0.811395000370263,-132624.537063003,-43.7781078286013
0.811641626071667,-149612.79535179,-41.5151748516346
0.811888251773071,-171421.761126286,-38.8543404869319
0.812092648165871,-194190.673229666,-36.2751579298823
0.812297044558672,-223153.741073275,-33.2546113640646
0.812501440951472,-260421.426435632,-29.669489847834
0.812668313939051,-298540.007855347,-26.2222876483427
0.81283518692663,-344631.335266617,-22.1937781828791
0.81300205991421,-397499.352174108,-17.482407203349
0.813168932901789,-449311.902783729,-12.0525428477348
0.813273169865283,-473679.37902454,-8.3360950888224
0.813343268461542,-482872.329580139,-5.73778651938422
0.813397124542105,-484573.787824489,-3.71648511951303
0.813447021700172,-481135.009186357,-1.85213914725568
0.813465436606257,-478815.57900857,-1.16765988367151
0.813479434907758,-476639.547686055,-0.649950733279169
0.813489199891563,-474917.821232987,-0.290291107581811
0.813495466597188,-473726.726606421,-0.0601604574144581
0.813497795494345,-473268.187751842,0.0252472493664597
0.813500124391503,-472799.711195987,0.110558665613532
0.813502453288661,-472321.512314884,0.195775611553276
0.813516830905802,-469161.595185295,0.719746306817784
0.813531208522944,-465647.208150717,1.23970108199002
0.813545586140086,-461790.389407536,1.75520624636043
0.813559963757228,-457605.845742939,2.26584781394239
0.81361990243295,-437034.065160574,4.3347310630743
0.813679841108673,-412464.455692147,6.28976202020183
0.813739779784396,-385391.932487718,8.11416831249483
0.813799718460118,-357231.93062901,9.79879634459697
0.813859657135841,-329170.474404027,11.341586023318
0.813977175931572,-277407.994861707,13.9651818617273
0.814094694727304,-232543.177221443,16.1092538408299
0.814212213523035,-195214.355753957,17.8500075730927
0.814329732318766,-164679.806532581,19.2588138938129
0.814447251114497,-139835.127255942,20.3948578843929
0.814564769910228,-119619.23389375,21.3075762188662
0.814760661135673,-93777.6159008071,22.4420201011765
0.814956552361119,-74929.6137961577,23.2128492117914
0.815152443586564,-60853.8774495685,23.7214284321381
0.815348334812009,-50126.3727268497,24.0310899072511
0.815544226037454,-41825.2874116058,24.1826977803474
0.81580266225732,-33565.7417023318,24.1939864913275
0.816061098477186,-27472.6243041496,24.0492066708018
0.816319534697051,-22896.5675407507,23.7967521493204
0.816577970916917,-19416.4775439305,23.466332047365
0.816836407136783,-16763.5579050702,23.0711419343832
0.817097664792503,-14740.3025822516,22.610294730344
0.817358922448222,-13236.8954674934,22.1045763749017
0.817620180103942,-12129.7615766212,21.5739755425825
0.817881437759662,-11325.7768772779,21.0289642902706
0.818142695415382,-10764.1470438435,20.4726013821651
0.818403953071101,-10402.2825740578,19.907098872119
0.81871428284941,-10180.2604605871,19.2288209125975
0.819024612627719,-10134.7754878269,18.5492069218614
0.819334942406027,-10224.9378386099,17.8728846979811
0.819645272184336,-10421.5848078739,17.2027562279378
0.819955601962645,-10703.2996347453,16.540824877236
0.820265931740953,-11052.2441376312,15.8888323995226
0.820763828206302,-11715.6785641919,14.867209090505
0.821261724671651,-12470.7868411499,13.8795665813865
0.821759621137,-13290.9630837325,12.9286929150997
0.822257517602349,-14156.3434893764,12.0161842535618
0.822755414067697,-15048.5363925613,11.1430015811427
0.823253310533046,-15953.752511386,10.3096384599538
0.824159111789464,-17609.274871835,8.89583373380924
0.825064913045881,-19247.5614907467,7.61272422711126
0.825970714302298,-20830.7441106851,6.4557889956491
0.826876515558716,-22325.6100174355,5.41704722374201
0.827782316815133,-23727.6331924589,4.48781776409858
0.828688118071551,-25041.3251580583,3.66126485880972
0.830238860585604,-27021.1286318407,2.45843946523605
0.831789603099658,-28682.1250420994,1.48546593121013
0.833340345613711,-30060.3142545254,0.699795725093023
0.834891088127765,-31194.2031388032,0.0643209181491511
0.836094769261761,-31931.2987115335,-0.345705614630976
0.837298450395756,-32563.4009970295,-0.696040834962247
0.838502131529752,-33107.2377986595,-0.996818772876764
0.839705812663748,-33576.537806651,-1.25666907338435
0.840909493797744,-33983.2925302754,-1.48292617280454
0.842875340249995,-34541.267014883,-1.79578433181315
0.844841186702246,-34999.34693768,-2.05568483790691
0.846807033154496,-35385.1512237063,-2.27740683942332
0.848772879606747,-35718.4470086317,-2.47178124846482
0.850738726058998,-36014.0259953188,-2.64687796154579
0.852704572511249,-36283.2331770629,-2.80861675837971
0.856138752422387,-36713.2835422516,-3.07128026738267
0.859572932333525,-37113.5706955718,-3.31959393522794
0.863007112244663,-37497.8202763118,-3.56112966001998
0.866441292155801,-37874.7652637672,-3.80075576390524
0.869875472066939,-38248.5738238909,-4.04114101361394
0.873309651978078,-38623.4883141646,-4.28452269806557
0.880684044618404,-39433.4968768616,-4.81634471201141
0.88805843725873,-40248.6975703498,-5.36287581746968
0.895432829899056,-41062.8512411464,-5.92291578615897
0.902807222539383,-41871.92239334,-6.49629931076849
0.910181615179709,-42669.871491095,-7.08154359170229
0.927541309630505,-44482.0161036926,-8.5122754800329
0.944901004081301,-46148.5564766044,-10.0210373682631
0.962260698532097,-47608.7583053569,-11.6237610225916
0.979620392982893,-48800.338668845,-13.3595485835501
0.9980236054995,-49676.4536305427,-15.4181044708183
1.01311053146004,-49982.5709066718,-17.3995698937184
1.02819745742058,-49727.7684702973,-19.8601294296869
1.03815223913611,-49045.4121174897,-21.921967042404
1.04590157286087,-48076.7881894163,-23.9228407661655
1.05225474079748,-46888.910548197,-25.948340715656
1.05860790873409,-45224.1313280055,-28.4477374251852
1.06336660197767,-43650.0583908078,-30.7129206247344
1.06812529522125,-41803.7866233917,-33.3667717293331
1.07199066188367,-40185.1327921314,-35.8227702941639
1.0758560285461,-38516.251687667,-38.5295692021103
1.07972139520852,-36925.167869303,-41.438871525791
1.08358676187094,-35393.9119306527,-44.4920729175528
1.08745212853336,-33939.1243679195,-47.6238406246347
1.0914411760137,-32533.8982861057,-50.8761501740342
1.09543022349405,-31124.5779722414,-54.1039618761018
1.0994192709744,-29660.969087448,-57.283758438025
1.10340831845474,-28125.032487897,-60.407228131186
1.10739736593509,-26542.1627827023,-63.4664681638455
1.11138641341544,-24987.1140725817,-66.4340299353841
1.11581409602975,-23419.3588878603,-69.5582474785727
1.12024177864407,-22126.1074045161,-72.4162440531211
1.12466946125839,-21134.0212614599,-74.9228217917159
1.1290971438727,-20418.2983017588,-77.0257248143141
1.13352482648702,-19929.9465678324,-78.7170655716033
1.13795250910133,-19596.9575084352,-80.0285560671907
1.14312954297904,-19342.0379966283,-81.1540340330514
1.14830657685675,-19183.585832195,-81.9330682820678
1.15348361073445,-19086.7469282458,-82.4523522258426
1.15866064461216,-19029.8318321629,-82.7810853272032
1.16383767848987,-19000.054839956,-82.9726495332398
1.16901471236757,-18988.7279249099,-83.067356354043
1.1760673778516,-18993.014488364,-83.0899769437044
1.18312004333564,-19013.2780157246,-83.0363826335275
1.19017270881967,-19044.1432858936,-82.9366690241
1.1972253743037,-19081.9794726638,-82.8080606551252
1.20427803978773,-19124.8472116441,-82.6612410293872
1.21727020935491,-19213.2815996336,-82.3630218320795
1.2302623789221,-19310.1055700258,-82.0512267991296
1.24325454848928,-19413.1809275615,-81.7359657379643
1.25624671805646,-19521.7100600994,-81.4196630919627
1.26923888762364,-19635.9139080872,-81.1029193284202
1.32771765999825,-20227.2456353049,-79.6588959689323
1.37208742173897,-20800.70960495,-78.486299467214
1.40266349828239,-21310.8166092712,-77.5690087315946
1.42508625379402,-21802.6623104885,-76.7695769048357
1.44224350488186,-22307.536833531,-76.0190604930516
1.45562462082155,-22843.8431782372,-75.285844907454
1.46617593229019,-23431.739301148,-74.5476985058653
1.47488893683183,-24110.7060755164,-73.7620666796018
1.48168674424889,-24853.3573606868,-72.9723540607398
1.48725983676677,-25705.5445309191,-72.1403576890092
1.49179328302461,-26675.4152651212,-71.2731853913641
1.49551111608758,-27783.9687979907,-70.3671887168063
1.49858445421175,-29055.3714065224,-69.4191789761474
1.50114345210212,-30517.005174053,-68.4266879892825
1.5037024499925,-32602.8283723371,-67.1514968528339
1.50541790528403,-34577.0599995835,-66.0724701512735
1.50713336057556,-37335.0276978259,-64.714803081779
1.50836888726475,-40077.6056602767,-63.5006401723097
1.50960441395395,-43885.6797332897,-61.9912076747762
1.51048758635873,-47603.4273719901,-60.6683483374462
1.51137075876352,-52671.0168869556,-59.0497900925882
1.51202380198795,-57710.4045568902,-57.6008608628854
1.51267684521239,-64510.5182549136,-55.8463086223415
1.5131800691293,-71444.0629127021,-54.2235237690516
1.51368329304621,-80714.6958401258,-52.2717847183198
1.51407215935759,-90081.1317249227,-50.4746710425732
1.51446102566896,-102421.907779292,-48.3320869823715
1.51476853106972,-114997.190424215,-46.3283091350431
1.51507603647048,-131335.137187531,-43.9571601903537
1.51532459059887,-148135.651851024,-41.7048059989739
1.51557314472725,-169712.526921517,-39.05584684066
1.51577892334011,-192222.466323141,-36.4905078225474
1.51598470195296,-220867.726526531,-33.4858138488109
1.51619048056582,-257758.430219842,-29.918715328596
1.51635772265801,-295360.508610905,-26.5044996306677
1.5165249647502,-340940.832889631,-22.5147275500592
1.51669220684239,-393581.43516603,-17.8454968944382
1.51685944893458,-446074.940760961,-12.4525795089213
1.51696879555226,-472482.223802718,-8.57426570642411
1.51704074667932,-482493.479066155,-5.91210074172304
1.517095525068,-484627.362858463,-3.85692227264311
1.51714548680599,-481535.223814023,-1.98881192531011
1.51716506241146,-479178.188184657,-1.26059112426512
1.51717981319959,-476941.79903808,-0.714657873546077
1.51719013412396,-475149.292640624,-0.334304877376106
1.51719689205483,-473876.164452117,-0.0860385280610979
1.51719918561072,-473427.762787052,-0.00189489151681349
1.51720147916661,-472969.681405674,0.0821554935764716
1.51720377272251,-472502.148775868,0.166114829200394
1.51721635355187,-469775.627931176,0.625037725769555
1.51722893438123,-466776.196373049,1.08095436953594
1.51724151521059,-463511.24968844,1.53356353771674
1.51725409603995,-459990.06509353,1.98257979439456
1.51730771197534,-442385.79783672,3.85032976620765
1.51736132791073,-421304.780993339,5.63097376920186
1.51741494384611,-397813.100939172,7.31103368232766
1.5174685597815,-372964.598523128,8.88185346891377
1.51752217571689,-347693.159882981,10.3393606838787
1.51763548675367,-296015.238451582,13.0477095645863
1.51774879779044,-249951.035596491,15.2869445283527
1.51786210882722,-210903.36054028,17.1222996439808
1.517975419864,-178561.096968406,18.6208687173301
1.51808873090077,-152007.558112528,19.840353514375
1.51820204193755,-130257.792122591,20.8293628418497
1.51839315189475,-102025.102124193,22.0871127795244
1.51858426185194,-81432.7868663986,22.9564650818307
1.51877537180914,-66072.9149145244,23.536364040076
1.51896648176634,-54402.8762331668,23.9022077542721
1.51915759172353,-45385.010192741,24.1074593172834
1.51941855148995,-36120.2298591216,24.1831008507529
1.51967951125637,-29321.5352639319,24.0841766225037
1.51994047102279,-24250.5260366502,23.8576168232618
1.52020143078921,-20429.9349571242,23.535988754035
1.52046239055563,-17537.2938148679,23.1428054073886
1.52072506777344,-15335.1457701534,22.6926561230228
1.52098774499125,-13680.3485436501,22.2019266282012
1.52125042220906,-12451.9634477618,21.6814005714305
1.52151309942687,-11559.3930232819,21.1394419903215
1.52177577664468,-10933.528074588,20.5826418641697
1.52207036366959,-10484.1675381589,19.946959816081
1.5223649506945,-10244.5377641642,19.3050326922186
1.52265953771941,-10169.541447293,18.6614029906598
1.52295412474432,-10224.7464723244,18.019609811201
1.52324871176923,-10383.3556437434,17.3824330629989
1.52364759245318,-10727.6691036923,16.5307813596308
1.52404647313714,-11182.7200150683,15.6956523133383
1.52444535382109,-11718.8769374365,14.8800180388139
1.52484423450504,-12315.3793479049,14.0860116435941
1.52524311518899,-12956.847166635,13.3151581120556
1.52586347100279,-14018.2317535899,12.1645530463835
1.52648382681659,-15125.474413837,11.0748011094428
1.52710418263039,-16254.4757539744,10.0469429011875
1.52772453844419,-17388.6550960698,9.08105189553031
1.52834489425798,-18514.881172372,8.1764603970922
1.52959354201372,-20716.13148113,6.53508131662169
1.53084218976945,-22771.6722060424,5.12044600387166
1.53209083752519,-24639.6844238921,3.91215062975349
1.53333948528092,-26302.7169102535,2.88689243784412
1.53458813303666,-27760.1565217933,2.02064741590376
1.53695139485613,-29994.6682625545,0.739195408480378
1.53850945377793,-31141.7163623488,0.0947334108788895
1.53910115315976,-31520.8078469579,-0.117045668863297
1.53969285254158,-31872.754800546,-0.312770922500428
1.54028455192341,-32199.4679663143,-0.493811255483388
1.54087625130524,-32502.5375156487,-0.661487552366878
1.54146795068706,-32783.6654142905,-0.817015907632086
1.54293645326769,-33398.0591588569,-1.15709021529878
1.54440495584832,-33912.8687071202,-1.44323986171696
1.54587345842895,-34349.1606544863,-1.68718648489234
1.54734196100958,-34723.435061646,-1.89805718236085
1.54881046359021,-35048.5739856213,-2.08304578240407
1.55103305245344,-35469.4271249456,-2.3257536906821
1.55325564131666,-35828.9618818799,-2.53700861411852
1.55547823017989,-36148.3711228612,-2.72744544833065
1.55770081904312,-36440.5139236867,-2.90382782113186
1.55992340790635,-36713.3883640296,-3.07091122114162
1.56359479818455,-37137.7837866246,-3.33491627101591
1.56726618846275,-37546.7720306003,-3.59289531802939
1.57093757874095,-37949.9838796655,-3.84997329177766
1.57460896901915,-38352.7354152369,-4.10856267178595
1.57828035929736,-38754.8937642526,-4.36905118000951
1.58978731047583,-40020.9232775524,-5.20775263781332
1.6012942616543,-41289.5628835333,-6.08166387331713
1.61280121283277,-42544.5990120082,-6.98830303774266
1.62430816401124,-43764.0002267846,-7.92567739547614
1.65370019639727,-46592.6685327919,-10.4706397820387
1.68309222878329,-48774.7334475804,-13.313864185515
1.70377198588553,-49732.5172472606,-15.6396397144788
1.71958388319679,-49987.364666071,-17.7703884714698
1.73184942557977,-49737.6802337047,-19.7962254047303
1.74150892047123,-49103.2262464087,-21.770332723185
1.7492213864295,-48186.7716867211,-23.7275954551906
1.75693385238776,-46729.0842249863,-26.1891307527061
1.76240343033891,-45289.243481394,-28.3572924595072
1.76787300829006,-43459.9627829435,-30.9740002367049
1.77210231542844,-41820.4680909925,-33.3521738938386
1.77633162256682,-40032.1364795383,-36.0502856598441
1.7805609297052,-38226.2249241038,-39.043246799133
1.78479023684358,-36497.3213744313,-42.2677528931786
1.78901954398196,-34851.2028531858,-45.6430311633704
1.79324885112034,-33319.8091164957,-49.0840768260235
1.79756390604482,-31789.1311785027,-52.5934996541267
1.80187896096931,-30233.3864741397,-56.0579942521184
1.8061940158938,-28600.2618405404,-59.4590520846156
1.81050907081829,-26896.5932745146,-62.7878789077836
1.81482412574278,-25210.3474691841,-66.0210281316355
1.81913918066726,-23642.6852299095,-69.0977713474614
1.82365507431029,-22276.2619950301,-72.0590964691708
1.82817096795331,-21227.5212294094,-74.6642045735127
1.83268686159633,-20470.8583096902,-76.8528256692683
1.83720275523936,-19958.1514656236,-78.6116052220128
1.84171864888238,-19610.0905722417,-79.971437770157
1.8462345425254,-19376.8878345115,-80.9909095346022
1.85075043616842,-19222.9520618755,-81.7346120952719
1.85624166421862,-19104.9921657575,-82.3509183793465
1.86173289226881,-19037.3298370882,-82.7351739865179
1.86722412031901,-19002.3629343107,-82.9564172409795
1.8727153483692,-18988.8297746774,-83.0647594938829
1.8782065764194,-18990.134666256,-83.0954643056811
1.88369780446959,-19002.0444568434,-83.0729702643057
1.8920007881972,-19033.5937749733,-82.9720143658173
1.9003037719248,-19076.5179226054,-82.8251803976293
1.9086067556524,-19126.8901747004,-82.6532995132141
1.91690973938001,-19182.2771286313,-82.4668261532472
1.92521272310761,-19241.5252192517,-82.2717894846181
1.94223474404014,-19371.9853189978,-81.8619575531951
1.95925676497267,-19512.6378396063,-81.4459568820187
1.9762787859052,-19662.7817951451,-81.029650071708
1.99330080683773,-19822.657770857,-80.6135162561172
2.06734684181463,-20684.1857862817,-78.7106491294202
2.0895606523077,-21014.6041701413,-78.0885057353553
2.11177446280077,-21418.395777539,-77.3878679422109
2.13398827329384,-21947.2713310465,-76.5481429950649
2.15005136780796,-22467.9895886266,-75.7935555051121
2.1626586077738,-23033.9554276811,-75.0425533286503
2.17277929054331,-23667.5065316283,-74.2679436562369
2.18061988166592,-24354.4047868545,-73.4957977205921
2.18701468309016,-25138.6359770729,-72.6856390579513
2.1921914903267,-26028.1140824827,-71.8430932966234
2.19635981382827,-27025.7443069229,-70.9776530541825
2.20052813732985,-28468.6831171308,-69.8435021458791
2.20324991937222,-29819.3184633436,-68.8909745150628
2.20597170141459,-31738.7557891177,-67.6663752604017
2.20786652368144,-33614.8726019135,-66.5879818919501
2.20976134594828,-36266.3500634107,-65.2210474541021
2.2110716854565,-38812.7820503809,-64.0431182100632
2.21238202496471,-42340.6241354659,-62.5785843613094
2.21332380259124,-45807.1259406887,-61.2866212646545
2.21426558021776,-50566.0674440888,-59.6999893750564
2.21497267083546,-55396.2108799944,-58.2506458096597
2.21567976145317,-61948.2641946521,-56.4858963983461
2.21620790862094,-68489.6123627473,-54.8972926422827
2.2167360557887,-77220.5316105447,-52.9854310698497
2.21714267577485,-86068.4794452768,-51.2280215333346
2.217549295761,-97702.0833166263,-49.1317350138009
2.21786929138353,-109578.615432895,-47.1773136345796
2.21818928700607,-124970.603209415,-44.8642210679154
2.21844688523598,-140832.375026855,-42.6728787980245
2.21870448346589,-161142.217989696,-40.0959442001938
2.21891671857464,-182346.918931468,-37.6099855936051
2.21912895368339,-209247.894465157,-34.6996744560759
2.21934118879213,-243952.144251494,-31.2451869712632
2.21951056360519,-278842.50332411,-28.0014394933415
2.21967993841824,-321873.436637562,-24.2078198614656
2.21984931323129,-372916.159366249,-19.7563408985597
2.22001868804434,-427777.751309766,-14.5655255477952
2.22017019912509,-469334.512739399,-9.31450902431912
2.22027844808022,-484972.910562056,-5.29895118556817
2.22036321632862,-483698.510961335,-2.10197365306372
2.22044798457702,-468927.93023632,1.03772071070309
2.22053275282541,-442164.535318211,4.02818564322169
2.22061752107381,-406940.099632299,6.79595244906866
2.22070228932221,-367472.005456913,9.29511791476088
2.22079815544357,-322331.214050544,11.7787515576321
2.22089402156493,-280053.020701199,13.9067001822226
2.22098988768629,-242419.079679563,15.7102283267833
2.22108575380765,-209903.926093861,17.2289864974958
2.22118161992902,-182242.409009542,18.5043552159567
2.22136651576,-140439.137461748,20.4108201315052
2.22155141159098,-110262.310703078,21.7623282837698
2.22173630742197,-88148.7887549771,22.7169105097126
2.22192120325295,-71595.4340053279,23.3782713418458
2.22210609908393,-58971.0021053193,23.8150227427684
2.22235543108817,-46337.3040420959,24.1328511931146
2.22260476309241,-37167.8396780802,24.2250640148796
2.22285409509664,-30362.2116873188,24.1544838986347
2.22310342710088,-25228.4122842828,23.9616790841152
2.22335275910512,-21317.8134110742,23.6749626949192
2.22361266332126,-18215.5086561701,23.2998996652593
2.22387256753741,-15864.5185593327,22.866860885687
2.22413247175355,-14088.1309922618,22.3909636866939
2.22439237596969,-12758.6233630147,21.8832491387029
2.22465228018584,-11781.5849135617,21.3521388702402
2.22493521892484,-11035.6878884241,20.7553049388398
2.22521815766383,-10550.3451977377,20.1460104031207
2.22550109640283,-10270.1423501236,19.5300709196374
2.22578403514183,-10152.7515986228,18.9114687162845
2.22606697388083,-10165.1044878149,18.2936316093715
2.22643038233804,-10331.6700990682,17.5050991777352
2.22679379079526,-10627.0583713441,16.7262435149173
2.22715719925248,-11019.1467794822,15.9611015221223
2.22752060770969,-11485.2146410984,15.2111999964153
2.22788401616691,-12007.5370526891,14.4789245370899
2.22844410861003,-12894.0345494014,13.3873426360403
2.22900420105316,-13845.4642176606,12.3432641713217
2.22956429349628,-14837.4149881303,11.3480217215993
2.23012438593941,-15853.1031546747,10.4025425467493
2.23068447838253,-16878.3866847152,9.50750700865406
2.23173220627902,-18784.1932589482,7.96818730498231
2.23277993417551,-20625.6043981968,6.5998150068653
2.23382766207199,-22365.9574401623,5.39097938657025
2.23487538996848,-23981.1844204061,4.32939167007197
2.23592311786497,-25456.2323178447,3.40225559276639
2.23810268267984,-28062.0973002897,1.84480606493524
2.24028224749471,-30077.6599902388,0.691829865911727
2.24185606882775,-31221.4064865578,0.0491423827680169
2.24305618973482,-31952.1107816037,-0.358025664307601
2.24425631064189,-32580.7941570239,-0.706239905655092
2.24545643154896,-33121.8892162969,-1.00530537478536
2.24665655245603,-33588.7049599058,-1.26380749862955
2.24785667336309,-33993.5589539432,-1.48901088893772
2.25012486119559,-34626.5866851527,-1.84447831312706
2.25239304902809,-35133.4583460556,-2.13298519583621
2.25466123686059,-35553.5885988938,-2.37552128930639
2.25692942469309,-35913.230915942,-2.58677273821582
2.25919761252558,-36231.5163128204,-2.77733624010115
2.26146580035808,-36523.208835584,-2.95470506380927
2.26510296989981,-36958.4361328594,-3.22325237965022
2.26874013944154,-37371.5884219137,-3.48143709270846
2.27237730898326,-37772.7256837285,-3.73540843976581
2.27601447852499,-38168.8051369903,-3.98946202944599
2.27965164806672,-38565.3151399588,-4.24629384420357
2.28328881760844,-38964.1298792457,-4.50648878628805
2.29052596538734,-39762.9748946815,-5.03447102615198
2.29776311316623,-40560.459122579,-5.5732758379461
2.30500026094513,-41352.8799038606,-6.1247548302663
2.31223740872402,-42142.5645548511,-6.69302713419906
2.31947455650291,-42926.811864462,-7.27695778744795
2.32671170428181,-43694.9206669416,-7.87091115812447
2.33987080786609,-45021.3602667383,-8.968808538197
2.35302991145037,-46243.3703020913,-10.1151858393995
2.36618901503465,-47362.187821232,-11.3312969634477
2.37934811861894,-48341.25600134,-12.620573242567
2.39250722220322,-49131.7743616928,-13.9942219823846
2.4056663257875,-49695.2741226466,-15.4962316538301
2.41984935975212,-49981.5043214724,-17.3551725359837
2.43403239371674,-49777.7339220675,-19.6244816620954
2.4450739668885,-49065.2200235843,-21.8752229948741
2.45383442372474,-47940.0251709797,-24.1640146682698
2.46101168404946,-46498.0916101412,-26.551392871464
2.46818894437419,-44461.1175013835,-29.5857947944942
2.47364342529028,-42451.5020727532,-32.441864935517
2.47909790620636,-40209.2951894105,-35.8237475252801
2.48455238712245,-37855.1181725617,-39.7005428800132
2.48905364145799,-35995.9459359263,-43.1905405678973
2.49355489579352,-34285.6186292,-46.8304063492757
2.49805615012906,-32682.2230499183,-50.5133877353696
2.5,-32002.8789246552,-52.0946578545285
