0,-75
4.95812130959403e-05,-74.9448934020521
9.91624261918805e-05,-74.8900229363759
0.000148743639287821,-74.8351139299484
0.000261253183612117,-74.7094737989267
0.000373762727936414,-74.5814990256356
0.00048627227226071,-74.4502719899039
0.000598781816585007,-74.3152232407426
0.000892715688081362,-73.9408549609148
0.00118664955957772,-73.5311670637157
0.00148058343107407,-73.0784524976088
0.00177451730257043,-72.5723588534508
0.00232698254106457,-71.4192386356054
0.00287944777955871,-69.8525538392856
0.00331257464607748,-68.1184087257014
0.00364317296150043,-66.2441082386565
0.00390443128109534,-64.1469577579105
0.0041065675437906,-61.8584512601436
0.00426687651425475,-59.3120089549447
0.00439480310402228,-56.4692899133192
0.00449778059260145,-53.284665554737
0.00458076114305412,-49.7298408352817
0.00464929330732952,-45.6746896675735
0.00471782547160492,-39.8373012962312
0.00476555783009511,-34.0460379790239
0.00480313427705808,-27.8590770436104
0.00484071072402106,-19.4635327070919
0.00487828717098403,-8.01177593071017
0.0048824535588851,-6.52954057560069
0.00488661994678617,-4.99421945906272
0.00489078633468725,-3.41393713121969
0.00489495272258832,-1.79346864655198
0.00490059413610643,0.457710039498952
0.00490623554962453,2.76629447430117
0.00491187696314264,5.12032994503573
0.00491751837666074,7.50530215822
0.00492692064912047,11.5046959923458
0.00493632292158021,15.4579910664433
0.00494572519403994,19.2679642803009
0.00495512746649968,22.8414156846854
0.00496452973895941,26.09704182078
0.00498152228731158,31.0023478848062
0.00499851483566374,34.5532969149015
0.00501550738401591,36.8644096711315
0.00503249993236807,38.2200032789313
0.00504949248072024,38.9355049214403
0.00507618042106954,39.3910448046497
0.00509784413076666,39.5464604719498
0.00511950784046377,39.6289109074093
0.00514117155016088,39.6668387816391
0.005162835259858,39.678311295093
0.00518449896955511,39.6822602939452
0.00524118944495931,39.6836461438852
0.00529787992036351,39.693751872323
0.00535457039576771,39.6867882796845
0.00541126087117191,39.6659181737763
0.00546795134657611,39.6464249740477
0.00555814158778768,39.6175844398462
0.00564833182899925,39.5862327788039
0.00573852207021082,39.5486260992452
0.00582871231142239,39.5054180019035
0.00591890255263396,39.4603755940622
0.00613789851410295,39.3389962507858
0.00635689447557193,39.1928070777177
0.00657589043704091,39.0030192089419
0.00679488639850989,38.7629225255052
0.00701388235997887,38.4790499749867
0.00726174246496519,38.1103310247379
0.00750960256995152,37.685963990625
0.00775746267493784,37.1828463011536
0.00800532277992416,36.5611443550769
0.00825318288491049,35.7738412755648
0.00850398622467556,34.7730152725612
0.00875478956444064,33.5803667971874
0.00900559290420572,32.2803819459023
0.00925639624397079,30.9969302441654
0.00946324172776503,29.8635231653751
0.00967008721155927,28.5720687254979
0.0098769326953535,27.1487872901705
0.0100837781791477,25.6501823764077
0.010290623662942,24.1025004268509
0.0104974691467362,22.5071643896466
0.01081147159942,20.0172529775549
0.0111254740521038,17.4814917806058
0.0114394765047876,14.9665041383366
0.0117534789574714,12.5409961394555
0.0120674814101552,10.2615140582248
0.012381483862839,8.17288157024053
0.0127623631068134,5.94594835824323
0.0131432423507879,4.09136543845647
0.0135241215947623,2.61851396223087
0.0139050008387367,1.5078762338113
0.0142858800827112,0.71956690896991
0.0145746500586848,0.30556930685142
0.0148634200346585,0.0249300330236322
0.0151521900106322,-0.145238101379991
0.0154409599866058,-0.227256912652128
0.0157297299625795,-0.241848979781511
0.0160184999385532,-0.20743783874414
0.0163191443209959,-0.13659828549385
0.0166197887034385,-0.044725441527556
0.0169204330858812,0.0562773411077129
0.0172210774683239,0.157399760268678
0.0175217218507666,0.252264762039835
0.0178223662332093,0.336760297469914
0.0182027070513814,0.425355798701535
0.0185830478695535,0.49245554608912
0.0189633886877256,0.539262193692146
0.0193437295058978,0.5684300320155
0.0197240703240699,0.583276412015749
0.020104411142242,0.5872414892778
0.0208756577232218,0.573867721701478
0.0216469043042016,0.548610293369592
0.022231128588659,0.530207686855818
0.0228153528731164,0.514785084558888
0.0233995771575738,0.502568566716925
0.0239838014420312,0.49298533125349
0.0245680257264886,0.485226976703415
0.0256116078875774,0.473734377300797
0.0266551900486661,0.46270194566348
0.0276987722097549,0.450525153905451
0.0287423543708436,0.436948045536415
0.0297859365319324,0.422370432636411
0.03128847295164,0.400365374455017
0.0327910093713477,0.377178331310938
0.0342935457910554,0.352714313154748
0.0357960822107631,0.326862434522557
0.0399475159131481,0.247992317792689
0.0440989496155332,0.157864092663725
0.0482503833179183,0.0563659997906427
0.0524018170203034,-0.056747033430919
0.0565532507226884,-0.181690303878883
0.0662441778269569,-0.519243606036217
0.0759351049312254,-0.919670369987965
0.0856260320354938,-1.37966372918813
0.0953169591397623,-1.89441851956382
0.105007886244031,-2.45853788344167
0.125558204119628,-3.79226542458947
0.146108521995224,-5.27630219261824
0.166658839870821,-6.87178447255608
0.187209157746418,-8.57828743454012
0.207759475622015,-10.4101123698359
0.234050634080059,-13.0398806955441
0.241937981617473,-13.9531029001755
0.249825329154886,-14.9643091045921
0.2577126766923,-16.1001100813722
0.265600024229713,-17.503813661784
0.267966228490937,-18.0202242705487
0.270332432752161,-18.6240213604987
0.272698637013385,-19.3535056026178
0.275064841274609,-20.2857965446843
0.277431045535833,-21.5963783784107
0.279176306308693,-23.0294120620008
0.280517302311251,-24.6445735532227
0.281577736607676,-26.4724581679226
0.282439922701037,-28.5289076007375
0.283302108794398,-31.3430130011433
0.283939496209072,-34.0785414580143
0.284576883623747,-37.5030142299602
0.285079851615746,-40.745601643042
0.285582819607745,-44.4537013787925
0.286085787599744,-48.5633381704818
0.286588755591743,-52.9524911953929
0.287091723583742,-57.4450829068689
0.287606300749661,-61.9393453452224
0.28812087791558,-66.1313222926861
0.288635455081499,-69.8730447646137
0.289150032247418,-73.0833971861589
0.289664609413337,-75.7462856862892
0.290282202665994,-78.2712973347223
0.290793970415817,-79.874133476983
0.29130573816564,-81.1113444039193
0.291817505915463,-82.0522358409499
0.292329273665285,-82.7575162713269
0.292841041415108,-83.2782976939092
0.293464254845202,-83.7222874200295
0.294087468275296,-84.0136170704649
0.29471068170539,-84.1966318309101
0.295333895135484,-84.3030109071617
0.295957108565578,-84.3552913932289
0.297021034857419,-84.3603329300255
0.298084961149261,-84.3070035271433
0.299148887441103,-84.2254115954007
0.300212813732944,-84.1300307485165
0.301276740024786,-84.0286456716965
0.303275246446074,-83.8367174807102
0.305273752867362,-83.6587649864392
0.30727225928865,-83.499279589719
0.309270765709939,-83.3560467021992
0.311269272131227,-83.2262111003466
0.314657083655452,-83.0319637798262
0.318044895179676,-82.8626072080803
0.321432706703901,-82.7099628904537
0.324820518228126,-82.5682495931231
0.328208329752351,-82.4340728308828
0.334021523806643,-82.216103973192
0.339834717860935,-82.0049628132587
0.345647911915227,-81.7948340693049
0.35146110596952,-81.5828116913385
0.357274300023812,-81.3694802261129
0.382040456243745,-80.4405351424757
0.406806612463678,-79.40711893162
0.423577082986101,-78.5746808826424
0.435208829875336,-77.8559711794838
0.442963907902887,-77.239781451458
0.448429512870834,-76.6698751359357
0.452342307774366,-76.1251220730487
0.455231688097203,-75.5814873239866
0.457409857914055,-75.0240923095338
0.459101992423132,-74.4330226518829
0.460412673410598,-73.809398230206
0.461442217471034,-73.1466159903953
0.462260836328483,-72.4395083827108
0.462918706425353,-71.6839417677994
0.463452469710842,-70.8763220258323
0.463889283892113,-70.0133501513842
0.464249563501638,-69.0918040203557
0.464548851464296,-68.1083496573656
0.464848139426955,-66.8080574626278
0.465053209705126,-65.6555665830878
0.465223054417081,-64.4547467403396
0.465392899129036,-62.9107018322271
0.465516939783678,-61.4794631352293
0.46564098043832,-59.6461458513111
0.465730081496806,-57.9847300187269
0.465819182555292,-55.883225307975
0.465884113605575,-53.9671522115107
0.465949044655859,-51.5671390191941
0.465998278600272,-49.305758155104
0.466047512544685,-46.489149857458
0.466085634785261,-43.7921785753691
0.466123757025838,-40.4518783575982
0.466154403311897,-37.142564074841
0.466185049597956,-33.0571607459445
0.466207627838435,-29.4080203715768
0.466230206078914,-25.0377010481742
0.466247665855618,-21.057243713253
0.466265125632321,-16.4396044286635
0.466282585409024,-11.0994293422263
0.466300045185727,-5.00215231387217
0.466310603099763,-0.96442325346351
0.466313934971689,0.360352183707945
0.466317266843616,1.70507525323338
0.466320598715542,3.06735211962074
0.466323930587468,4.44457526655682
0.466332990071221,8.2405609007812
0.466342049554973,12.0571358395055
0.466351109038725,15.8150793734707
0.466360168522478,19.4312789762872
0.46636922800623,22.8252594049451
0.46639230545087,30.0773268219138
0.466409359284801,33.8532184631356
0.466426413118732,36.3490407431322
0.466443466952663,37.8437904133959
0.466460520786594,38.6709979015852
0.466477574620525,39.1087773527128
0.466500797553103,39.3839511720512
0.466524020485682,39.4944904258378
0.46654724341826,39.5553704477163
0.466570466350838,39.591187100287
0.466593689283417,39.6016808611208
0.466632445426228,39.5933241570703
0.466671201569039,39.5890900101604
0.46670995771185,39.5842988943796
0.466748713854662,39.5813431475692
0.466787469997473,39.5764089948175
0.466865994496787,39.549096279094
0.466944518996102,39.5093248267685
0.467023043495416,39.472122707317
0.467101567994731,39.4382072955659
0.467180092494045,39.3974575544963
0.467341054777408,39.2876055719536
0.467502017060771,39.1539277441119
0.467662979344135,39.0191586245685
0.467823941627498,38.8785912033022
0.467984903910861,38.7038147078676
0.468237006510804,38.3212256769644
0.468489109110747,37.8044046531458
0.468741211710691,37.2105239440759
0.468993314310634,36.6056967031618
0.469245416910577,35.9973171756613
0.469497519510521,35.2988509922236
0.469749622110464,34.3507883653502
0.47000996436961,32.8871542737582
0.470205210514335,31.5798342717817
0.470400456659059,30.2460561001454
0.470595702803784,28.8764104679357
0.470790948948509,27.4213529751007
0.470986195093233,25.8577191218766
0.471181441237958,24.1916164189937
0.471446415425082,21.794036612817
0.471711389612206,19.2814059655602
0.471976363799331,16.692469277438
0.472241337986455,14.0680511371179
0.472506312173579,11.458903602299
0.472771286360703,8.92160043610249
0.47311050580339,5.86174624481573
0.473449725246077,3.09753383611962
0.473788944688765,0.692099561468757
0.474128164131452,-1.32416126239914
0.474467383574139,-2.95205235152831
0.474806603016827,-4.21645220286784
0.475200023218072,-5.27967481155485
0.475593443419318,-5.97680403079722
0.475986863620564,-6.37604767566795
0.47638028382181,-6.54174622585699
0.476773704023055,-6.53327100706478
0.477167124224301,-6.40402647726572
0.477799199463634,-6.06193907068127
0.478431274702967,-5.69132445829495
0.4790633499423,-5.39633361514222
0.479695425181632,-5.21933132908553
0.480327500420965,-5.15525077478322
0.480959575660298,-5.17569394001881
0.481591650899631,-5.24803736581428
0.482405720156788,-5.37567172812764
0.483219789413946,-5.50317651406968
0.484033858671103,-5.60848229810861
0.48484792792826,-5.68824036672265
0.485661997185418,-5.75019381787818
0.486691778044801,-5.81975717190915
0.487721558904185,-5.88863740251857
0.488751339763568,-5.96223210864298
0.489781120622952,-6.04096767961696
0.492256669323691,-6.23942920683655
0.494732218024429,-6.44003578166707
0.497207766725168,-6.63594819096988
0.499683315425907,-6.82993338510716
0.506069301809749,-7.33725985332285
0.512455288193592,-7.85735792427029
0.518841274577434,-8.38767043293383
0.531151561337575,-9.45001187543255
0.543461848097715,-10.5788035077011
0.555772134857856,-11.7744242984263
0.568082421617996,-13.066863198804
0.579408474385645,-14.3961369476341
0.588138878161966,-15.5725123760331
0.594769210542662,-16.6232503854471
0.599796881697004,-17.5821208095529
0.603519180357503,-18.4569187440751
0.606343958761425,-19.2881689581265
0.608509619594737,-20.0979594561088
0.610208467654396,-20.9131849864774
0.611573245652504,-21.7571112589341
0.612692143752556,-22.6472742426431
0.613811041852608,-23.8256383623772
0.614598748129491,-24.8978776236643
0.615386454406375,-26.2706614664878
0.615949182751734,-27.4973521960702
0.616511911097093,-28.9999327640323
0.616947476959036,-30.3955205073528
0.61738304282098,-32.0380486177678
0.617818608682923,-33.9657495591977
0.618142044864219,-35.6038585334978
0.618465481045515,-37.4338326099516
0.618788917226811,-39.4581000839197
0.619112353408107,-41.6730684184635
0.61955719553568,-45.0242762433177
0.620002037663253,-48.6834589280345
0.620446879790826,-52.5623965584908
0.620891721918398,-56.5362426699753
0.621336564045971,-60.4652746950139
0.621795580101468,-64.3285684170306
0.622254596156965,-67.8767490466355
0.622713612212461,-71.0283773252038
0.623172628267958,-73.7480225261117
0.623631644323455,-76.0368796709149
0.624209597432855,-78.3529471729338
0.624787550542255,-80.1165150758546
0.625365503651655,-81.4277127287868
0.625943456761056,-82.3840161728985
0.626521409870456,-83.069389548792
0.627136042705689,-83.5760395097632
0.627750675540921,-83.9152787525379
0.628365308376154,-84.1340829704754
0.628979941211387,-84.2668508956682
0.62959457404662,-84.3385522741856
0.63058322113125,-84.3667197358466
0.631571868215881,-84.3326927009037
0.632560515300511,-84.265967303175
0.633549162385141,-84.1817926175206
0.634537809469772,-84.0891689985001
0.636226615036202,-83.9253408125107
0.637915420602631,-83.7686579059565
0.639604226169061,-83.6242735824241
0.641293031735491,-83.4916829311927
0.64298183730192,-83.3696152133963
0.646161604965025,-83.1661462058404
0.649341372628129,-82.99065563281
0.652521140291233,-82.8354785980537
0.655700907954337,-82.6940781411177
0.658880675617441,-82.5620817247869
0.664123280325137,-82.3588017625685
0.669365885032833,-82.164643120569
0.674608489740529,-81.9738391561529
0.679851094448225,-81.7831282716476
0.685093699155921,-81.5922821707174
0.70181740991113,-80.9794887588722
0.718541120666338,-80.3417893815197
0.735264831421547,-79.6542445015382
0.751988542176756,-78.8664181495115
0.770726513852038,-77.7335830941786
0.776347905354623,-77.2930539966853
0.781969296857208,-76.729874579426
0.787590688359793,-75.9052294653588
0.789277105810568,-75.5707473687527
0.790963523261344,-75.157093947632
0.792649940712119,-74.6199885478772
0.794336358162895,-73.8671155431407
0.79602277561367,-72.667836903964
0.796528700848903,-72.165547938598
0.797034626084135,-71.5440519591309
0.797540551319368,-70.7490156699363
0.798046476554601,-69.6834298095934
0.798552401789833,-68.153854587864
0.798934544255308,-66.45464003017
0.799226948703173,-64.5707987118999
0.799454472802325,-62.4696360232204
0.799633168224065,-60.1246987616799
0.799774918895446,-57.5012767438753
0.799888574836918,-54.5525157952129
0.79998068102749,-51.2183623738972
0.80005614144191,-47.4215911969712
0.800118699104115,-43.0605808685198
0.800181256766321,-36.7836483534497
0.80022416922152,-30.6938000834336
0.800258544871719,-24.1499451942973
0.800292920521919,-15.4400494158839
0.800327296172119,-4.00696823557726
0.800335471918052,-0.850244585351648
0.800343647663985,2.43875281230757
0.800351823409918,5.82434782828318
0.800359999155852,9.2627579308094
0.800368174901785,12.7015094587081
0.800384878428836,19.4835593389702
0.800401581955887,25.5168808582996
0.800418285482937,30.4012267864944
0.800434989009988,33.9779259632918
0.800451692537039,36.3579543060229
0.80046839606409,37.8233161740264
0.800486161758408,38.6910341274804
0.800503927452727,39.1452981605165
0.800521693147045,39.3694277220491
0.800539458841364,39.4686040223181
0.800557224535682,39.5104614980387
0.800574990230001,39.5380786576962
0.800603567252236,39.5760652148218
0.800632144274471,39.5987088620729
0.800660721296706,39.6007336632662
0.800689298318942,39.5946573367885
0.800717875341177,39.5906675358032
0.800746452363412,39.5880246551387
0.800800505845954,39.5766891201702
0.800854559328495,39.5584520068638
0.800908612811037,39.5373948676228
0.800962666293578,39.5156063304626
0.80101671977612,39.4920343425271
0.801134402327858,39.4319590054893
0.801252084879596,39.3598001211956
0.801369767431335,39.2808250417478
0.801487449983073,39.1989446306473
0.801605132534811,39.1106060124701
0.801860071295906,38.8676537346461
0.802115010057001,38.5354225392169
0.802369948818096,38.1164665047353
0.80262488757919,37.6304026571503
0.802879826340285,37.0834594603529
0.80313476510138,36.445330608598
0.803389703862475,35.6493065126663
0.803647491918696,34.581227818288
0.803905279974917,33.1409987954644
0.804163068031138,31.2800533665767
0.804420856087359,29.0888356971782
0.80467864414358,26.8546200029612
0.804936432199801,25.0463422115407
0.805025868131506,24.5058278040196
0.805115304063212,23.8926358960816
0.805204739994917,23.2118032759382
0.805294175926623,22.4985100738651
0.805383611858328,21.7692176265255
0.805473047790034,21.019981849256
0.805665119965084,19.3626648515829
0.805857192140134,17.6191252848991
0.806049264315184,15.8072197736416
0.806241336490235,13.9620408794835
0.806433408665285,12.1154789507278
0.806625480840335,10.2919401313281
0.806918309057379,7.60141454125471
0.807211137274424,5.0790308004844
0.807503965491468,2.7806058530783
0.807796793708512,0.745307664514354
0.80790029076759,0.0942239430996943
0.808003787826668,-0.521323106968777
0.808107284885746,-1.10130249766032
0.808210781944824,-1.64576673130423
0.808314279003903,-2.15505926385355
0.808567852754025,-3.25898729745351
0.808821426504147,-4.16825678368771
0.809075000254269,-4.89857088166145
0.809328574004391,-5.46769520844819
0.809582147754513,-5.89392384352969
0.810063162311443,-6.37205275817488
0.810544176868374,-6.51400899803436
0.811025191425305,-6.4257697978129
0.811506205982236,-6.20253187987001
0.811987220539167,-5.92478890233089
0.812562966088162,-5.6032168350572
0.813138711637157,-5.35508249465933
0.813714457186152,-5.20569469603055
0.814290202735148,-5.14963685119976
0.814865948284143,-5.16517389450963
0.815507832174889,-5.23543977678951
0.816149716065636,-5.33189665442589
0.816791599956382,-5.43208159096481
0.817433483847129,-5.52303345197459
0.818075367737875,-5.59991263952509
0.819016847003063,-5.69104089698732
0.81995832626825,-5.76360692761706
0.820899805533437,-5.82633899672873
0.821841284798625,-5.88781373542003
0.823764011582838,-6.03072525273902
0.825686738367051,-6.18095981645429
0.827609465151264,-6.33291127962182
0.833060962795152,-6.76109294972276
0.838512460439039,-7.19503197103075
0.843963958082926,-7.63661994660273
0.855226857230863,-8.58087976498025
0.8664897563788,-9.56751473371347
0.877752655526736,-10.5996485400406
0.889015554674673,-11.6898309468029
0.904685955319876,-13.3504763699254
0.915466341864509,-14.6505565153756
0.9237635288213,-15.8055781007875
0.930044396066382,-16.8390959691348
0.934760425991105,-17.7782377603969
0.938250765659693,-18.6387009471482
0.940909822122198,-19.4626489613825
0.942960568269372,-20.272229108241
0.944578233377932,-21.0928487859432
0.945883737558002,-21.946273594752
0.946958149537612,-22.8489519871727
0.948032561517222,-24.0400227365684
0.948794217658464,-25.1277972431785
0.949555873799706,-26.5148956331002
0.950103886887628,-27.7583183123002
0.950651899975551,-29.2754112013031
0.951078299569083,-30.6866526066736
0.951504699162614,-32.3417552453886
0.951931098756145,-34.2765354124616
0.952250043999716,-35.9271885760096
0.952568989243287,-37.7661316736348
0.952887934486858,-39.7944437496765
0.953206879730429,-42.0074828342899
0.953653083166934,-45.4042981008778
0.954099286603438,-49.1029925212288
0.954545490039942,-53.0106894821805
0.954991693476447,-56.9986445998748
0.955437896912951,-60.925223913612
0.955890510889608,-64.7062486978728
0.956343124866264,-68.1705541450626
0.956795738842921,-71.2443635517909
0.957248352819578,-73.897022645782
0.957700966796234,-76.1318473565059
0.958276620502862,-78.4180502324634
0.958852274209489,-80.1594201435794
0.959427927916117,-81.4548909601504
0.960003581622744,-82.4004709995365
0.960579235329372,-83.0787860529865
0.961195332570833,-83.5833315269102
0.961811429812293,-83.9206458514242
0.962427527053754,-84.1377884280822
0.963043624295215,-84.2691615899445
0.963659721536675,-84.3397084856299
0.964650734149812,-84.3664445610945
0.965641746762948,-84.3314008694907
0.966632759376085,-84.2639601509397
0.967623771989221,-84.1792837552453
0.968614784602358,-84.0863111476772
0.970315726490979,-83.9213347853397
0.972016668379601,-83.7638021276407
0.973717610268222,-83.6188132414281
0.975418552156844,-83.4857777069597
0.977119494045465,-83.3633668431257
0.980306958698451,-83.1603371376112
0.983494423351437,-82.9851532581087
0.986681888004423,-82.8301511150011
0.989869352657409,-82.6888253011868
0.993056817310395,-82.5568248369263
0.998322518640539,-82.3529909591938
1.00358821997068,-82.1581542952316
1.00885392130083,-81.9665828206866
1.01411962263097,-81.7750497243083
1.01938532396111,-81.5833463632574
1.03637761833588,-80.9602730456334
1.05336991271064,-80.3109276953641
1.0703622070854,-79.6089056753296
1.08735450146016,-78.7987207318801
1.10581242936707,-77.651384033294
1.11134980773914,-77.2011906813733
1.11688718611122,-76.6194433556098
1.12242456448329,-75.7450285108009
1.12408577799491,-75.3826982233283
1.12574699150653,-74.9261318633036
1.12740820501816,-74.3181147656966
1.12906941852978,-73.4310126338749
1.13036608725551,-72.3620509857453
1.13129775686446,-71.175731465539
1.13199659181676,-69.8210114403425
1.13251503992722,-68.3161787093134
1.13290757929067,-66.6389852536182
1.13320861721602,-64.770787946864
1.13344199263974,-62.6911821668035
1.13362495512082,-60.3724879589994
1.13376996886936,-57.7789608366774
1.13388612574193,-54.8650938927022
1.13398015447094,-51.572579954406
1.13405710228123,-47.8261456404425
1.13412081318487,-43.5270028731536
1.13418452408851,-37.3343344964371
1.1342282942278,-31.3066629269395
1.1342632353754,-24.8375402607573
1.13429817652301,-16.1955221807714
1.13433311767061,-4.77001227270465
1.13434136082945,-1.62406023608744
1.13434960398828,1.66325180038486
1.13435784714712,5.05774510364285
1.13436609030595,8.51672823101233
1.13437433346479,11.9882797367096
1.13439031481329,18.5337243875643
1.13440629616179,24.4566131643066
1.13442227751029,29.3797900679029
1.1344382588588,33.1161221050184
1.1344542402073,35.7110974446156
1.1344702215558,37.3813086546456
1.13448885427119,38.4966243465047
1.13450748698658,39.0666881281386
1.13452611970198,39.3345734461251
1.13454475241737,39.4515664711647
1.13456338513276,39.5053518412388
1.13458201784815,39.5374324802199
1.13461028086651,39.5767579995031
1.13463854388487,39.5976733211737
1.13466680690323,39.5993670210934
1.13469506992159,39.5944036163645
1.13472333293994,39.591197784309
1.1347515959583,39.5885941687139
1.13480685680508,39.5770029042974
1.13486211765186,39.5583833597052
1.13491737849863,39.5369749258319
1.13497263934541,39.5147083938899
1.13502790019219,39.4904538796825
1.13514564220279,39.4300231382855
1.13526338421339,39.3576827639122
1.13538112622399,39.2785969786326
1.13549886823459,39.1963849474199
1.13561661024519,39.1073868293759
1.13587159055291,38.8628586276919
1.13612657086063,38.5294366273454
1.13638155116835,38.1101409927218
1.13663653147608,37.6239456851891
1.1368915117838,37.0757096812432
1.13714649209152,36.4340233672807
1.13740147239925,35.6322584593172
1.13765926079958,34.5586900941558
1.13791704919992,33.1175789528334
1.13817483760025,31.265186435394
1.13827063251472,30.6374279060577
1.13835777048345,30.1585507457377
1.13844490845218,29.6855007766099
1.13853204642092,29.1694587000444
1.13861918438965,28.6052919280132
1.13870632235838,28.0052387755211
1.13885292625406,26.9330783766966
1.13899953014974,25.7950677611548
1.13914613404542,24.5963797946945
1.1392927379411,23.3399728624669
1.13943934183678,22.0315648086617
1.13970017168212,19.6024400224559
1.13996100152745,17.081787327441
1.14022183137279,14.5170081896137
1.14048266121813,11.9576787837828
1.14074349106347,9.45493329849974
1.1410281329787,6.84704258340292
1.14131277489393,4.42475135158744
1.14159741680916,2.23453948728144
1.14188205872439,0.306502664589333
1.14199289097572,-0.369308143978205
1.14210372322706,-1.00378346216182
1.1422145554784,-1.5970662294274
1.14232538772973,-2.14940180579485
1.14243621998107,-2.66144462782791
1.14269910132221,-3.72172023477687
1.14296198266336,-4.57803167252747
1.1432248640045,-5.24952866570694
1.14348774534565,-5.75673971698148
1.14375062668679,-6.12053150782111
1.14423447356839,-6.47911498212495
1.14471832044998,-6.53253129483908
1.14520216733157,-6.38605395253077
1.14568601421317,-6.13020168702879
1.14616986109476,-5.8408837070942
1.14674822303964,-5.52670963545077
1.14732658498453,-5.29983800554182
1.14790494692941,-5.17683287854348
1.1484833088743,-5.14721599633422
1.14906167081918,-5.18440924088058
1.14970924232714,-5.26909484560566
1.15035681383511,-5.37072656736981
1.15100438534307,-5.4702147548019
1.15165195685103,-5.55774039885348
1.15229952835899,-5.63037187105388
1.15334683875277,-5.72405617561953
1.15439414914655,-5.79903569369418
1.15544145954032,-5.86785574947719
1.1564887699341,-5.9390501436573
1.15875733755952,-6.11173055076295
1.16102590518494,-6.2902859182001
1.16329447281036,-6.46994692779518
1.1695244078556,-6.96089915815209
1.17575434290084,-7.46010108386841
1.18198427794609,-7.96945145376511
1.19492604474894,-9.07204526634402
1.2078678115518,-10.2340961615354
1.22080957835465,-11.4662837552851
1.23375134515751,-12.7984649220611
1.24863357887283,-14.5369059436131
1.26073185986483,-16.2629242860952
1.26436134416243,-16.8847984270676
1.26799082846003,-17.6043002299507
1.27162031275763,-18.4678210114744
1.27524979705523,-19.5854020547689
1.27808277740733,-20.820183508213
1.28015990617555,-22.1532236847582
1.28172110139311,-23.6330901226796
1.28293451691469,-25.3043754688467
1.28391095159921,-27.2052917060043
1.28471340408652,-29.337902284828
1.28551585657383,-32.2011860595506
1.2861265902154,-35.0198851802122
1.28673732385696,-38.4984872656357
1.28722953505824,-41.8186537601913
1.28772174625951,-45.5726383144073
1.28821395746079,-49.6836693486017
1.28870616866207,-54.0224950942204
1.28919837986334,-58.4169016113839
1.28970324371643,-62.782742625867
1.29020810756951,-66.8235750150663
1.2907129714226,-70.4112346858215
1.29121783527569,-73.4810158179509
1.29172269912878,-76.0261631093199
1.2923489285297,-78.5129594871749
1.29286843284258,-80.0825533180564
1.29338793715547,-81.2863030357063
1.29390744146836,-82.1956810777204
1.29442694578125,-82.8725780105053
1.29494645009414,-83.3686028594205
1.29558103445638,-83.7898931548658
1.29621561881862,-84.0627976130068
1.29685020318086,-84.2303697365452
1.2974847875431,-84.3237592506483
1.29811937190534,-84.3653766698105
1.29875395626758,-84.371170357941
1.29989124454394,-84.3225851802961
1.3010285328203,-84.2358742812075
1.30216582109666,-84.1335947163785
1.30330310937302,-84.0255976364877
1.30444039764938,-83.9168262938706
1.30673526094581,-83.7057813666733
1.30903012424224,-83.5170939742034
1.31132498753867,-83.351602225941
1.3136198508351,-83.2047602889374
1.31591471413153,-83.0722247882603
1.31958143950608,-82.8845370926524
1.32324816488064,-82.7181798848034
1.32691489025519,-82.5657540642321
1.33058161562974,-82.4212698843218
1.3342483410043,-82.2816244991986
1.34080233303988,-82.0409548868715
1.34735632507546,-81.8047431985817
1.35391031711105,-81.5680968044491
1.36046430914663,-81.329107814804
1.36701830118221,-81.0870743341372
1.39216463184726,-80.1201152291276
1.4173109625123,-79.0063710354609
1.42485486171182,-78.6182710831097
1.43239876091133,-78.1777500791409
1.43994266011084,-77.6590552020597
1.44748655931036,-76.9933369704278
1.45511741192462,-75.9454466888805
1.4574066677089,-75.4891744478454
1.45969592349318,-74.8693166748474
1.46198517927746,-73.9212447777333
1.46349678902249,-72.9277355810724
1.46461026737281,-71.7885782333728
1.46541516923579,-70.5265720592845
1.46601347135359,-69.1161008286069
1.46646419607008,-67.5436570427646
1.46680793333787,-65.794594380337
1.46707498394675,-63.8294269280912
1.4672852814271,-61.6070581261513
1.46744994727355,-59.1291054140394
1.46758061236279,-56.3520194626309
1.46768560408534,-53.2252851791323
1.46777010738844,-49.7210064505287
1.46783978531005,-45.7140708263791
1.46790946323167,-39.9245599424572
1.4679578571258,-34.181216564809
1.46799592858488,-28.0385824405821
1.46803400004396,-19.6870285257807
1.46807207150303,-8.2647106948626
1.46807914786786,-5.75760787957002
1.4680862242327,-3.11513246623812
1.46809193491696,-0.896932868701248
1.46809411798029,-0.0307125557602655
1.46809630104362,0.844235526074714
1.46809848410695,1.72735968408035
1.46810066717028,2.618032157832
1.46810739881719,5.40386081759812
1.46811413046411,8.22997371111875
1.46812086211103,11.067846383669
1.46812759375794,13.8854169067175
1.46813432540486,16.6485560371815
1.46815116801493,23.1034357055395
1.46816801062501,28.5474206481924
1.46818485323508,32.7192515601265
1.46820169584516,35.6080294259247
1.46821853845523,37.4164393497047
1.46823717014569,38.506619338361
1.46825580183615,39.0505092269185
1.46827443352661,39.3345934589651
1.46829306521707,39.4846787779088
1.46831169690753,39.5410859769691
1.46833032859799,39.5491985241946
1.46837302972876,39.5514985327089
1.46841573085953,39.5821390581322
1.4684584319903,39.6015593662782
1.46850113312106,39.5942183485872
1.46854383425183,39.5780684352206
1.46860996282351,39.5555004416747
1.46867609139518,39.5365658018209
1.46874221996685,39.5099787018952
1.46880834853853,39.4740146161069
1.4688744771102,39.4365216294862
1.46901280572495,39.3584264668363
1.46915113433969,39.2726718037659
1.46928946295444,39.171822973881
1.46942779156918,39.05183223297
1.46966625812527,38.7963250205961
1.46990472468136,38.4820399827068
1.47014319123744,38.113685980021
1.47038165779353,37.6825316073419
1.47062012434962,37.1601290886834
1.47086306824241,36.493206808611
1.4711060121352,35.6554391995535
1.47134895602799,34.6345128380477
1.47159189992078,33.4464488297358
1.47183484381356,32.1262189406373
1.47209325539756,30.6301343826468
1.47235166698156,28.964269076521
1.47261007856555,27.062092588551
1.47286849014955,24.9398773244683
1.47312690173355,22.6545852018032
1.47338531331754,20.2512158357358
1.47366640515484,17.5370585715591
1.47394749699213,14.7617065986268
1.47422858882942,11.9857157511165
1.47450968066671,9.27796699136461
1.474790772504,6.7030351199899
1.47507186434129,4.31513295356836
1.47542695897485,1.62982134888421
1.47578205360841,-0.63965154349135
1.47613714824196,-2.48030236768958
1.47649224287552,-3.91176775445668
1.47684733750908,-4.97509747888588
1.47720243214263,-5.72115989159813
1.47763107192122,-6.27343051092322
1.4780597116998,-6.52362495901353
1.47848835147839,-6.5480536782804
1.47891699125697,-6.41800506641617
1.47934563103556,-6.19832000362814
1.47977427081414,-5.94359272006246
1.48020291059272,-5.69584139036358
1.48081067951519,-5.40933655778577
1.48141844843766,-5.22955479311996
1.48202621736013,-5.1552241046543
1.4826339862826,-5.16403937417471
1.48324175520507,-5.22777229533747
1.48384952412754,-5.32023582899093
1.48445729305001,-5.42051481717234
1.48525858540547,-5.542068737706
1.48605987776094,-5.63922025438359
1.4868611701164,-5.71334300052665
1.48766246247187,-5.77326835376903
1.48846375482733,-5.82776263637654
1.4892650471828,-5.88213325538857
1.49051969644868,-5.97068090580103
1.49177434571456,-6.06599344460658
1.49302899498044,-6.16565410478004
1.49428364424632,-6.26599604234707
1.49553829351221,-6.36515153715311
1.49817718049919,-6.57328207217127
1.50081606748617,-6.78304127530221
1.50345495447315,-6.9954910209661
1.50609384146013,-7.21010652519755
1.51566477293127,-8.0021908867752
1.5252357044024,-8.81758792151092
1.53480663587354,-9.66034202447006
1.54437756734467,-10.5354536304515
1.5613427840534,-12.2008131368284
1.57830800076212,-14.0929039766101
1.59173396376885,-15.9080162102652
1.59576175267087,-16.5594807919249
1.59978954157289,-17.3101938464409
1.60381733047491,-18.2045302364985
1.60784511937693,-19.3550856442967
1.61088041898844,-20.5803819100907
1.61308314886956,-21.8897774513934
1.61472748393179,-23.3373629225656
1.61599731752024,-24.9694579003043
1.61700834028796,-26.8159222399739
1.61783925586022,-28.90051621657
1.61867017143247,-31.7251188092006
1.61929562871492,-34.4997345047887
1.61992108599737,-37.9519994691454
1.62041869438467,-41.2283795695736
1.62091630277197,-44.9555485456941
1.62141391115927,-49.0636564440719
1.62191151954657,-53.4274668860216
1.62240912793387,-57.8722818613653
1.62293020866935,-62.4015486503037
1.62336211521111,-65.9119693675164
1.62379402175288,-69.1058234366647
1.62422592829464,-71.9326205261247
1.6246578348364,-74.3741977943199
1.62508974137817,-76.4386607921613
1.62576472515981,-78.972597305698
1.62643970894145,-80.7989822913277
1.62711469272308,-82.0814282370295
1.62778967650472,-82.9610451183239
1.62846466028636,-83.5479923909658
1.629139644068,-83.9261565179673
1.62988483619452,-84.1765619122754
1.63063002832104,-84.3094096102851
1.63137522044757,-84.365158000769
1.63212041257409,-84.3706742104458
1.63286560470061,-84.3435632686864
1.63361079682713,-84.2959116232086
1.63505912298198,-84.1743343749647
1.63650744913683,-84.0374802625274
1.63795577529168,-83.898044662499
1.63940410144653,-83.7629082901542
1.64085242760138,-83.6361015583854
1.64230075375623,-83.5192218605911
1.64522378377601,-83.3111963337813
1.64814681379579,-83.1317458967507
1.65106984381556,-82.9724502332037
1.65399287383534,-82.8293445306701
1.65691590385512,-82.6995335547008
1.65983893387489,-82.5787656208119
1.66499880187378,-82.3784400953161
1.67015866987267,-82.1848593192617
1.67531853787155,-81.9951872497911
1.68047840587044,-81.8102367558896
1.68563827386933,-81.6274594945877
1.69079814186821,-81.4412295308388
1.70178836629201,-81.0294012444277
1.71277859071581,-80.6032247403545
1.7237688151396,-80.1797186401658
1.7347590395634,-79.7425362192092
1.7457492639872,-79.2493107381351
1.756739488411,-78.6852319673272
1.77073362065906,-77.8217795793723
1.77493186033347,-77.5129138166626
1.77913010000789,-77.1555419352866
1.78332833968231,-76.7223576962188
1.78752657935673,-76.1558356527073
1.79172481903114,-75.3049802587562
1.79298429093347,-74.9554954846456
1.79424376283579,-74.5223370884846
1.79550323473812,-73.9623124175184
1.79676270664045,-73.1904304020919
1.79802217854277,-72.017037213516
1.79887283674673,-70.7844811044873
1.79951117114639,-69.3840327838579
1.79998712038619,-67.8282140664485
1.80034875178109,-66.0954753294644
1.80062709002827,-64.1656687049672
1.80084362404615,-62.0166773551135
1.80101394644206,-59.618741431817
1.80114937765446,-56.9333285943431
1.80125820612098,-53.9113565943828
1.80134658855824,-50.489896791929
1.80141916341898,-46.5874159620425
1.80147948466077,-42.0959493135452
1.80153980590257,-35.6413252886406
1.80158105994266,-29.4195762657481
1.80161438546902,-22.707589076213
1.80164771099539,-13.8398244818031
1.80167441906779,-4.82886613838329
1.80168127577893,-2.22256814299091
1.80168813249007,0.484299265724355
1.8016949892012,3.27382027673351
1.80170184591234,6.12442627887109
1.80170870262348,9.0096208871516
1.80172054588286,13.9790087286687
1.80173238914224,18.7778848542663
1.80174423240162,23.2229903666223
1.80175607566101,27.1569555730861
1.80176791892039,30.4733251462279
1.80178338362561,33.8223932810991
1.80179884833082,36.1417035002404
1.80181431303604,37.6230540780872
1.80182977774126,38.494251824906
1.80184524244647,38.9823756711111
1.80187258285964,39.3408578215115
1.80189461842082,39.472210368019
1.80191665398199,39.5426492155291
1.80193868954317,39.5737153680114
1.80196072510434,39.5839690245649
1.80198276066552,39.5881276775957
1.80204054636958,39.5886268944238
1.80209833207365,39.5914164189438
1.80215611777772,39.579626087327
1.80221390348179,39.5563272084319
1.80227168918586,39.5320077098361
1.80236459631106,39.4911889541334
1.80245750343625,39.4460008197007
1.80255041056145,39.3926362181481
1.80264331768664,39.3336958300328
1.80273622481184,39.2724906891828
1.80296358183829,39.101277477047
1.80319093886474,38.8886838735987
1.80341829589119,38.6142727091615
1.80364565291764,38.2710462399416
1.80387300994409,37.8637644528025
1.80412031083626,37.3486426293431
1.80436761172843,36.7471747934976
1.80461491262059,36.0303889009775
1.80486221351276,35.1537511185863
1.80510951440493,34.067242071822
1.80536235297025,32.7053221603344
1.80561519153557,31.1816628315082
1.80586803010089,29.5341113717499
1.80612086866621,27.7236396997051
1.80637370723153,25.718350372602
1.80662654579685,23.5356476283109
1.80692144715556,20.8206514173457
1.80721634851427,17.9845236549477
1.80751124987299,15.0809305277816
1.8078061512317,12.1694932922437
1.80810105259042,9.32405265186238
1.80839595394913,6.62213626966296
1.80873341535592,3.78861834513795
1.80907087676271,1.29791779216165
1.8094083381695,-0.812196718807771
1.8097457995763,-2.53539521831775
1.81008326098309,-3.89055829848614
1.81042072238988,-4.91308886321918
1.81080855983967,-5.7332762930691
1.81119639728946,-6.23804377454531
1.81158423473925,-6.49080441127602
1.81197207218904,-6.55063941321441
1.81235990963883,-6.47054655443956
1.81274774708862,-6.29892714435594
1.81338116124928,-5.93071244741784
1.81401457540995,-5.57599990323669
1.81464798957061,-5.3187491986039
1.81528140373128,-5.18269498596181
1.81591481789194,-5.15148290948887
1.81654823205261,-5.19327232818865
1.8172082650132,-5.28180996136607
1.81786829797379,-5.38759490908151
1.81852833093438,-5.49005098157881
1.81918836389496,-5.578444909374
1.81984839685555,-5.65036178441968
1.82090189094221,-5.74116648781843
1.82195538502887,-5.81418796130213
1.82300887911552,-5.88264171183121
1.82406237320218,-5.95494330584384
1.82585734032573,-6.09137840744999
1.82765230744928,-6.23374622297235
1.82944727457283,-6.37659005168007
1.83497461156769,-6.81296989565087
1.84050194856255,-7.25337378596467
1.84602928555741,-7.70197119612777
1.85482878151705,-8.43854605330573
1.86362827747668,-9.20128243647668
1.87242777343632,-9.98982936504847
1.88122726939595,-10.8080736337565
1.89869394521599,-12.5559966396613
1.91102888253774,-13.9420862679946
1.92060639667713,-15.1680920354321
1.92794918608064,-16.2637097980376
1.93352492454278,-17.2564058143496
1.93764748155092,-18.1542679924122
1.94076986920566,-19.0002172342739
1.94314466125792,-19.8139087320428
1.94498993836183,-20.6231908543337
1.94646028676788,-21.4536769592484
1.9476576914888,-22.3249184612615
1.94865072131731,-23.2511548134419
1.94964375114582,-24.4653088857314
1.95035996988594,-25.5860152447575
1.95107618862606,-27.0040386266567
1.95159649739413,-28.2779958608044
1.9521168061622,-29.8203015371805
1.95252579088293,-31.2593004365126
1.95293477560367,-32.9353443519692
1.9533437603244,-34.8795517135284
1.95365396102071,-36.5507326545378
1.95396416171702,-38.4027869219438
1.95427436241333,-40.4339253552753
1.95458456310964,-42.6376838064579
1.95504184237258,-46.1871018005685
1.95549912163552,-50.0350817873208
1.95595640089846,-54.0714490080808
1.95641368016141,-58.1544805828822
1.95687095942435,-62.1289805560487
1.95735119741276,-66.0359431911171
1.95783143540117,-69.5520082228058
1.95831167338959,-72.6096713859718
1.958791911378,-75.1904920039004
1.95927214936641,-77.3146085908587
1.95987784463336,-79.4148866295292
1.96048353990031,-80.9707071327872
1.96108923516726,-82.0964611657669
1.96169493043422,-82.8951234835733
1.96230062570117,-83.450723862405
1.96295068755212,-83.849776532449
1.96360074940307,-84.1033126446242
1.96425081125403,-84.2548532244033
1.96490087310498,-84.3354301537459
1.96555093495593,-84.3669361193993
1.96661999570533,-84.352445801907
1.96768905645473,-84.2890863046774
1.96875811720413,-84.1995182736177
1.96982717795353,-84.0980129201967
1.97089623870293,-83.9932787961
1.97196529945233,-83.890306286015
1.97458696258461,-83.6521042008411
1.97720862571689,-83.4464985185628
1.97983028884917,-83.2695322513567
1.98245195198145,-83.1131769119187
1.98507361511373,-82.9723032398641
1.98888561678654,-82.78961860725
1.99269761845935,-82.6255574722986
1.99650962013216,-82.4731898679491
2.00032162180497,-82.3270139723896
2.00413362347778,-82.184405097907
2.01125732175599,-81.9251088846873
2.01838102003421,-81.6686211444932
2.02550471831242,-81.4103663378515
2.03262841659063,-81.1485493714664
2.03975211486885,-80.8824289358444
2.0661859831309,-79.8388798723385
2.08585718185102,-78.9409513448916
2.09977468571537,-78.1662684924237
2.10902039935578,-77.5138177041982
2.1154518749845,-76.924678529536
2.1199414215561,-76.3761264197936
2.12329275913684,-75.8219171630815
2.12577047528267,-75.2629424970922
2.12765143890909,-74.6829584626268
2.12910161408451,-74.0729903910306
2.13023538498298,-73.4260201292648
2.13113285205773,-72.7365268629869
2.13185112790571,-72.000069896271
2.13243169027602,-71.2128901991228
2.13290514128478,-70.3716155165136
2.13329437966845,-69.4730269340552
2.1336167609442,-68.5138624889757
2.13393914221995,-67.2406649993591
2.1341602467416,-66.1061482539878
2.13434138553848,-64.9332440316745
2.13452252433537,-63.4209411470961
2.13465394454168,-62.0254707469946
2.134785364748,-60.2347802910709
2.13487938890792,-58.6161971931041
2.13497341306785,-56.5659630922747
2.13504169701137,-54.7009561502521
2.13510998095489,-52.3621008359572
2.13516155368168,-50.1649103876382
2.13521312640847,-47.4253916565626
2.1352528960187,-44.8107099915492
2.13529266562894,-41.5690187410369
2.13532447746777,-38.3705385411124
2.13535628930661,-34.4174077597749
2.13538006739434,-30.8232351610851
2.13540384548206,-26.4944489729119
2.13542200515996,-22.5805826338243
2.13544016483785,-18.0151253025637
2.13545832451575,-12.6948992070648
2.13547648419365,-6.55870483530828
2.13549055186808,-1.26239288123518
2.13549441249426,0.268913500612345
2.13549827312044,1.82728360762779
2.13550213374662,3.40892327999954
2.13550599437281,5.00966547265979
2.13551540550116,8.96185648341851
2.13552481662952,12.9211409738122
2.13553422775788,16.7978931244911
2.13554363888624,20.497309074251
2.13555305001459,23.9319948352079
2.1355717862436,29.7266192810731
2.1355905224726,33.9289588576977
2.13560925870161,36.5950011291536
2.13562799493061,38.0802048345512
2.13564673115962,38.8339057283302
2.13566903421866,39.2438141165382
2.1356913372777,39.4285310869699
2.13571364033674,39.5200084518617
2.13573594339579,39.5631652616881
2.13575824645483,39.5805366478694
2.13579644917506,39.5886696414304
2.13583465189529,39.5939658721319
2.13587285461552,39.5949524595851
2.13591105733575,39.5883594231757
2.13594926005598,39.578042439452
2.13602590756896,39.5526662551557
2.13610255508193,39.5233264873315
2.1361792025949,39.4889358605343
2.13625585010788,39.4501867570119
2.13633249762085,39.4076181019195
2.13648520786548,39.3134110049233
2.1366379181101,39.2043910583937
2.13679062835473,39.0773780531976
2.13694333859936,38.9309515357449
2.13709604884398,38.7648940107939
2.13734878466487,38.4399923178417
2.13760152048575,38.0363655749982
2.13785425630663,37.5301087071155
2.13810699212751,36.9000532719108
2.13835972794839,36.1332936544811
2.13861246376927,35.2240321402596
2.13886519959016,34.1671886043993
2.13912464660247,32.9195283582692
2.13938409361478,31.4855132272667
2.13964354062709,29.8305864933597
2.1399029876394,27.9227998310724
2.14016243465171,25.763526907527
2.14042188166402,23.416984694247
2.14074163961044,20.4539834816815
2.14098011648739,18.2232345860859
2.14121859336434,15.9295234969886
2.14145707024129,13.5880635801878
2.14169554711824,11.2557776098749
2.14193402399519,8.98690510835545
2.14217250087215,6.8190599585341
2.14245374831207,4.43214053685685
2.14273499575199,2.26732229121475
2.14301624319191,0.355840692923759
2.14329749063183,-1.28773062889521
2.14357873807175,-2.66512966510622
2.14385998551168,-3.79036450843893
2.14421758437787,-4.88943933722773
2.14457518324407,-5.66431548543532
2.14493278211026,-6.1662193965351
2.14529038097646,-6.44452334921376
2.14564797984265,-6.5464367658391
2.14600557870885,-6.51561633756902
2.14663333299655,-6.25701868131835
2.14726108728426,-5.89047039565107
2.14788884157197,-5.55030273663539
2.14851659585968,-5.31025167973597
2.14914435014738,-5.18690899437331
2.14977210443509,-5.16225079539104
2.1503998587228,-5.20622412370043
2.15109714364053,-5.30083229062894
2.15179442855825,-5.41196511776646
2.15249171347598,-5.51721411494022
2.15318899839371,-5.60588875864729
2.15388628331144,-5.67671798678051
2.15498688969654,-5.76602774303251
2.15608749608164,-5.84060002204991
2.15718810246675,-5.91339193738043
2.15828870885185,-5.99126203398385
2.15992624061508,-6.11829025970622
2.16156377237831,-6.24826479632131
2.16320130414154,-6.37833266234789
2.16912709886854,-6.84389174059508
2.17505289359553,-7.31665864576148
2.18097868832253,-7.79867439066904
2.19299825700797,-8.81426336378519
2.20501782569342,-9.87919780761585
2.21703739437887,-10.9997932156281
2.22905696306431,-12.1953182355562
2.24412327286741,-13.852894242843
2.25918958267052,-15.8526338757458
2.26370947561145,-16.5829822268115
2.26822936855238,-17.4409965914513
2.27274926149331,-18.4945763691629
2.27726915443424,-19.9724786984819
2.27862512231652,-20.5629142266805
2.2799810901988,-21.2917464210634
2.28133705808108,-22.2360569153165
2.28269302596336,-23.5265284715561
2.28404899384564,-25.4009172692366
2.28503227000656,-27.3572231713561
2.28582060320345,-29.4964170278199
2.28660893640034,-32.3562817246023
2.28721475184877,-35.1886106100515
2.28782056729719,-38.6742282701211
2.28831107466601,-42.0083180995087
2.28880158203483,-45.7705591267786
2.28929208940365,-49.8821032437971
2.28978259677247,-54.2125506545146
2.29027310414129,-58.5899924418156
2.29077143382914,-62.8917418681689
2.29126976351699,-66.872613946596
2.29176809320483,-70.4104945760636
2.29226642289268,-73.443751083323
2.29276475258053,-75.9657362317642
2.29339013353558,-78.4645749942438
2.29391035483357,-80.047177079064
2.29443057613156,-81.2609129120458
2.29495079742954,-82.1777613682992
2.29547101872753,-82.8601623836766
2.29599124002552,-83.360188460237
2.29662440778724,-83.7836240101642
2.29725757554896,-84.0583934909196
2.29789074331068,-84.2275296253374
2.29852391107241,-84.3222050419069
2.29915707883413,-84.3648668819376
2.29979024659585,-84.3715006401113
2.30092460461666,-84.3240418601779
2.30205896263746,-84.2380947656881
2.30319332065827,-84.1363283129557
2.30432767867908,-84.0286770382001
2.30546203669989,-83.9201381665303
2.30774749223655,-83.7096372828229
2.31003294777321,-83.5212607757735
2.31231840330988,-83.3559487944517
2.31460385884654,-83.209225520586
2.3168893143832,-83.0767919952529
2.32054731621353,-82.8889648080115
2.32420531804386,-82.722573694267
2.32786331987419,-82.5702086537031
2.33152132170452,-82.4258632019131
2.33517932353484,-82.2864147507514
2.34170790583807,-82.0465521387419
2.34823648814129,-81.8112235500728
2.35476507044451,-81.5755230508203
2.36129365274773,-81.3375367353775
2.36782223505096,-81.0965602601314
2.39286681613819,-80.1345176176602
2.41791139722543,-79.0288062086887
2.4254247715516,-78.6446137974963
2.43293814587778,-78.2113109105695
2.44045152020395,-77.7023821057513
2.44796489453012,-77.0545081871813
2.45594259314397,-75.9859829793359
2.45833590272812,-75.5179570369648
2.46072921231227,-74.8756487495452
2.46312252189643,-73.8724807596114
2.46384051477167,-73.4548616461022
2.46455850764692,-72.9378901059556
2.46527650052216,-72.2756543832804
2.46599449339741,-71.3880893816079
2.46671248627266,-70.1039901182282
2.46726571194147,-68.6227895603672
2.46767743370541,-66.9970890436141
2.46799292290261,-65.1844196769414
2.46824155355379,-63.1212725253424
2.46843492174819,-60.8232795768332
2.46858725466836,-58.2547083590696
2.46870878516,-55.3730641431781
2.46880587411643,-52.1584588114894
2.46888532830448,-48.5019090741451
2.46895110278365,-44.3050846212217
2.46901687726282,-38.2507630264945
2.4690621809162,-32.3249376165675
2.46909813128929,-25.9788276183577
2.46913408166239,-17.4495399059287
2.46917003203549,-6.03753293463852
2.46917426219467,-4.48670015850463
2.46917849235386,-2.88628516072189
2.46918272251305,-1.2442293052538
2.46918695267223,0.434186494634496
2.46919140593483,2.23580605219855
2.46919585919744,4.0673849664818
2.46920031246004,5.92219911015004
2.46920476572264,7.79262283752884
2.46920921898525,9.67026498095962
2.46922168820156,14.8849065468508
2.46923415741788,19.8713606753065
2.46924662663419,24.4228748296823
2.4692590958505,28.3683905100352
2.46927156506682,31.6063045527584
2.46928676702074,34.5826261426376
2.46930196897466,36.5938770500603
2.46931717092857,37.8670869119033
2.46933237288249,38.6250656183224
2.46934757483641,39.0572814274454
2.46937106861807,39.3591054521531
2.46939456239973,39.4794982720491
2.46941805618139,39.5409239511642
2.46944154996305,39.5737768277922
2.46946504374471,39.5874620740757
2.46950593996571,39.5924161197068
2.46954683618672,39.5882360620444
2.46958773240773,39.5838816131943
2.46962862862873,39.5774696511236
2.46966952484974,39.5680344426664
2.46974981788365,39.5412630152018
2.46983011091756,39.504998137173
2.46991040395148,39.4653728173013
2.46999069698539,39.4247248229261
2.4700709900193,39.3808202044051
2.47023916234087,39.2716407899663
2.47040733466243,39.1396185153299
2.470575506984,38.9888244455109
2.47074367930557,38.8177963102163
2.47091185162713,38.6180279378334
2.47116343862606,38.2488503327511
2.47141502562498,37.7826025763564
2.47166661262391,37.2147374390875
2.47191819962284,36.5423950279086
2.47216978662176,35.7529018870885
2.47242137362069,34.8183822818906
2.47267296061961,33.7007923906636
2.47293302623289,32.3112370123771
2.47319309184617,30.6647563872418
2.47345315745944,28.7961582331679
2.47371322307272,26.8002691965414
2.47397328868599,24.7916337778519
2.47417938906055,23.0884724916058
2.4743854894351,21.2258834736333
2.47459158980966,19.2510082050183
2.47479769018421,17.2217485825807
2.47500379055877,15.17417796177
2.47520989093333,13.1302708367993
2.47548616477911,10.4333054937529
2.47576243862489,7.83736969788028
2.47603871247067,5.39811906532708
2.47631498631645,3.16309694781444
2.47659126016223,1.16643373382991
2.47680877544115,-0.224409899739641
2.47702629072007,-1.45345462405636
2.47724380599899,-2.52339315590912
2.47746132127791,-3.44038095751481
2.47767883655683,-4.21339845760938
2.47803578363977,-5.19882539417638
2.47839273072271,-5.87549026696959
2.47874967780565,-6.29428488994235
2.47910662488859,-6.50469019133569
2.47946357197153,-6.55329577697235
2.47999408621361,-6.41822835058426
2.48052460045569,-6.14499210889242
2.48105511469777,-5.83280824636156
2.48158562893985,-5.55067955895547
2.48211614318193,-5.33762326075158
2.48264665742401,-5.20744095703299
2.48334529372215,-5.15413352332872
2.4840439300203,-5.19737279471997
2.48474256631844,-5.29074669600956
2.48544120261659,-5.40000908679147
2.48613983891473,-5.50624781092457
2.48683847521288,-5.5998177216898
2.48772394396619,-5.69372337249673
2.48860941271949,-5.76501591469909
2.4894948814728,-5.82577927184839
2.49038035022611,-5.8861707523998
2.49126581897942,-5.94886115747446
2.49215128773273,-6.01264270102311
2.49350562243393,-6.11436154906109
2.49485995713514,-6.22216038918926
2.49621429183634,-6.33279485149784
2.49756862653755,-6.44110594526961
2.49892296123876,-6.54562378449504
2.5,-6.62874083536032
